{"room1": false, "room2": false, "room3": true, "room4": false, "room5": false, "time1": 1603805509.995994, "time2": 1603460788.4523578, "time3": 1603460893.8138034, "time4": 1603459107.7757437, "jam1": 0, "jam2": 0, "jam3": 1, "jam4": 0}