{"room1": false, "room2": true, "room3": false, "room4": false, "room5": false, "time1": 1604375313.5474632, "time2": 1604347568.0940104, "time3": 1604375197.7669663, "time4": 1604375324.3395252, "jam1": 0, "jam2": 0, "jam3": 0, "jam4": 0, "recent1": false, "recent2": false, "recent3": false, "recent4": false}