{"room1": false, "room2": false, "room3": true, "room4": false, "room5": false, "time1": 1603717042.0632696, "time2": 1603460788.4523578, "time3": 1603460893.8138034, "time4": 1603459107.7757437}